{
  "_meta": {
    "description": "Comprehensive Israeli cities list with common variations",
    "version": "1.0",
    "source": "CBS Israel + phonetic variations",
    "last_updated": "2025-12"
  },
  "cities": [
    {"canonical": "תל אביב", "aliases": ["תל-אביב", "תל אביב יפו", "תל-אביב-יפו", "תא", "ת\"א"]},
    {"canonical": "ירושלים", "aliases": ["י-ם"]},
    {"canonical": "חיפה", "aliases": []},
    {"canonical": "באר שבע", "aliases": ["באר-שבע", "ב\"ש", "בש"]},
    {"canonical": "ראשון לציון", "aliases": ["ראשון-לציון", "ראשל\"צ", "ראשלצ"]},
    {"canonical": "פתח תקווה", "aliases": ["פתח-תקווה", "פ\"ת", "פת"]},
    {"canonical": "אשדוד", "aliases": []},
    {"canonical": "נתניה", "aliases": []},
    {"canonical": "חולון", "aliases": []},
    {"canonical": "בני ברק", "aliases": ["בני-ברק", "בנ\"ב", "בנב"]},
    {"canonical": "רמת גן", "aliases": ["רמת-גן", "ר\"ג", "רג"]},
    {"canonical": "בת ים", "aliases": ["בת-ים"]},
    {"canonical": "אשקלון", "aliases": []},
    {"canonical": "רחובות", "aliases": []},
    {"canonical": "הרצליה", "aliases": []},
    {"canonical": "כפר סבא", "aliases": ["כפר-סבא", "כ\"ס", "כס"]},
    {"canonical": "חדרה", "aliases": []},
    {"canonical": "בית שמש", "aliases": ["בית-שמש", "ב\"ש"]},
    {"canonical": "מודיעין", "aliases": ["מודיעין-מכבים-רעות", "מודיעין מכבים רעות"]},
    {"canonical": "נצרת", "aliases": ["נצרת עילית"]},
    {"canonical": "לוד", "aliases": []},
    {"canonical": "רמלה", "aliases": []},
    {"canonical": "רעננה", "aliases": []},
    {"canonical": "הוד השרון", "aliases": ["הוד-השרון"]},
    {"canonical": "גבעתיים", "aliases": []},
    {"canonical": "קריית גת", "aliases": ["קריית-גת", "ק\"ג", "קג"]},
    {"canonical": "קריית אתא", "aliases": ["קריית-אתא"]},
    {"canonical": "אילת", "aliases": []},
    {"canonical": "עכו", "aliases": ["עכה"]},
    {"canonical": "נהריה", "aliases": []},
    {"canonical": "אום אל פחם", "aliases": ["אום אל-פחם"]},
    {"canonical": "נס ציונה", "aliases": ["נס-ציונה"]},
    {"canonical": "רמת השרון", "aliases": ["רמת-השרון"]},
    {"canonical": "אלעד", "aliases": []},
    {"canonical": "קריית מוצקין", "aliases": ["קריית-מוצקין"]},
    {"canonical": "קריית ים", "aliases": ["קריית-ים"]},
    {"canonical": "קריית ביאליק", "aliases": ["קריית-ביאליק"]},
    {"canonical": "טבריה", "aliases": []},
    {"canonical": "עפולה", "aliases": []},
    {"canonical": "נצרת עילית", "aliases": ["נוף הגליל"]},
    {"canonical": "נוף הגליל", "aliases": ["נצרת עילית"]},
    {"canonical": "כרמיאל", "aliases": []},
    {"canonical": "יבנה", "aliases": []},
    {"canonical": "טייבה", "aliases": []},
    {"canonical": "צפת", "aliases": []},
    {"canonical": "אור יהודה", "aliases": ["אור-יהודה"]},
    {"canonical": "דימונה", "aliases": []},
    {"canonical": "בית שאן", "aliases": ["בית-שאן"]},
    {"canonical": "טירת הכרמל", "aliases": ["טירת-הכרמל"]},
    {"canonical": "קריית שמונה", "aliases": ["קריית-שמונה", "ק\"ש", "קש"]},
    {"canonical": "מעלות תרשיחא", "aliases": ["מעלות-תרשיחא", "מעלות"]},
    {"canonical": "ערד", "aliases": []},
    {"canonical": "סכנין", "aliases": []},
    {"canonical": "שפרעם", "aliases": []},
    {"canonical": "מגדל העמק", "aliases": ["מגדל-העמק"]},
    {"canonical": "יהוד", "aliases": ["יהוד-מונוסון"]},
    {"canonical": "גבעת שמואל", "aliases": ["גבעת-שמואל"]},
    {"canonical": "קלנסווה", "aliases": []},
    {"canonical": "טירה", "aliases": []},
    {"canonical": "נשר", "aliases": []},
    {"canonical": "קריית אונו", "aliases": ["קריית-אונו"]},
    {"canonical": "קריית מלאכי", "aliases": ["קריית-מלאכי"]},
    {"canonical": "עראבה", "aliases": []},
    {"canonical": "מג'דל שמס", "aliases": ["מגדל שמס"]},
    {"canonical": "בקה אל גרביה", "aliases": ["באקה אל גרביה", "בקה-אל-גרביה"]},
    {"canonical": "שדרות", "aliases": []},
    {"canonical": "אופקים", "aliases": []},
    {"canonical": "ג'סר א-זרקא", "aliases": ["ג'סר אזרקא"]},
    {"canonical": "בועיינה-נוג'ידאת", "aliases": ["בועינה נוג'ידאת"]},
    {"canonical": "כוכב יאיר", "aliases": ["כוכב-יאיר", "צור יגאל"]},
    {"canonical": "אור עקיבא", "aliases": ["אור-עקיבא"]},
    {"canonical": "טמרה", "aliases": []},
    {"canonical": "ביתר עילית", "aliases": ["ביתר-עילית"]},
    {"canonical": "גדרה", "aliases": []},
    {"canonical": "פרדס חנה כרכור", "aliases": ["פרדס חנה-כרכור", "פרדס חנה"]},
    {"canonical": "מעלה אדומים", "aliases": ["מעלה-אדומים"]},
    {"canonical": "קריית טבעון", "aliases": ["קריית-טבעון"]},
    {"canonical": "זכרון יעקב", "aliases": ["זכרון-יעקב"]},
    {"canonical": "בנימינה", "aliases": ["בנימינה-גבעת עדה"]},
    {"canonical": "עתלית", "aliases": []},
    {"canonical": "כפר יונה", "aliases": ["כפר-יונה"]},
    {"canonical": "מזכרת בתיה", "aliases": []},
    {"canonical": "אבן יהודה", "aliases": ["אבן-יהודה"]},
    {"canonical": "זמר", "aliases": []},
    {"canonical": "כפר קאסם", "aliases": ["כפר-קאסם"]},
    {"canonical": "עראבה", "aliases": []},
    {"canonical": "דהריה", "aliases": []},
    {"canonical": "טורעאן", "aliases": []},
    {"canonical": "קרני שומרון", "aliases": ["קרני-שומרון"]},
    {"canonical": "אריאל", "aliases": []},
    {"canonical": "אלפי מנשה", "aliases": ["אלפי-מנשה"]},
    {"canonical": "גני תקווה", "aliases": ["גני-תקווה"]},
    {"canonical": "קדימה צורן", "aliases": ["קדימה-צורן", "קדימה"]},
    {"canonical": "יקנעם", "aliases": ["יקנעם עילית"]},
    {"canonical": "כפר תבור", "aliases": ["כפר-תבור"]},
    {"canonical": "מתתיהו", "aliases": []},
    {"canonical": "שוהם", "aliases": []},
    {"canonical": "ראש העין", "aliases": ["ראש-העין"]},
    {"canonical": "גבעת זאב", "aliases": ["גבעת-זאב"]},
    {"canonical": "אפרת", "aliases": []},
    {"canonical": "מיתר", "aliases": []},
    {"canonical": "עומר", "aliases": []},
    {"canonical": "להבים", "aliases": []},
    {"canonical": "מצפה רמון", "aliases": ["מצפה-רמון"]},
    {"canonical": "ירוחם", "aliases": []},
    {"canonical": "נתיבות", "aliases": []},
    {"canonical": "תל שבע", "aliases": ["תל-שבע"]},
    {"canonical": "ערערה בנגב", "aliases": ["ערערה-בנגב"]},
    {"canonical": "רהט", "aliases": []},
    {"canonical": "כסייפה", "aliases": []},
    {"canonical": "חורה", "aliases": []},
    {"canonical": "לקיה", "aliases": []},
    {"canonical": "שגב שלום", "aliases": ["שגב-שלום"]},
    {"canonical": "כפר ורדים", "aliases": ["כפר-ורדים"]}
  ],
  "confusing_pairs": [
    {"cities": ["בית שמש", "בית שאן", "בת ים"], "hint": "בית שמש (ליד ירושלים), בית שאן (עמק הירדן), בת ים (ליד תל אביב)"},
    {"cities": ["ראשון לציון", "ראש העין"], "hint": "ראשון לציון (מרכז), ראש העין (מזרח)"},
    {"cities": ["רמת גן", "רמת השרון", "רמלה"], "hint": "רמת גן (ליד ת\"א), רמת השרון (שרון), רמלה (מרכז)"},
    {"cities": ["קריית גת", "קריית אתא", "קריית ים", "קריית שמונה"], "hint": "גת (דרום), אתא/ים (חיפה), שמונה (צפון)"},
    {"cities": ["הרצליה", "הרצלייה"], "hint": "איות תקני: הרצליה"},
    {"cities": ["נס ציונה", "ראשון לציון"], "hint": "נס ציונה (קטנה), ראשון לציון (גדולה)"}
  ]
}
